lat, lat2, lng, lng2, dist, bear
41°14′51″N,41.24741189,112°05′14″W,-112.0872413,734.444,286.471°
47°25′43″N,47.42861183,105°38′27″W,-105.64093216,683.6713,330.619°
35°10′59″N,35.18295581,82°20′29″W,-82.34133564,926.9738,101.563°
43°40′18″N,43.67172905,96°03′48″W,-96.06323812,345.6601,20.517°
46°53′38″N,46.89385002,110°53′14″W,-110.88732101,829.1529,315.077°
43°44′22″N,43.73938192,81°55′23″W,-81.92299135,916.9982,63.811°
41°44′37″N,41.74365711,80°48′36″W,-80.81007695,947.7393,72.868°
30°42′59″N,30.71664736,100°36′53″W,-100.61460508,585.8716,192.521°
41°02′01″N,41.0334759,115°57′53″W,-115.96481035,934.0852,284.169°
33°56′57″N,33.94920598,87°44′29″W,-87.7412541,691.299,117.09°
29°02′22″N,29.03936289,91°37′10″W,-91.61944045,792.9254,148.304°
46°27′53″N,46.46464229,114°54′50″W,-114.91389733,977.3546,307.113°
40°32′03″N,40.53403863,108°34′44″W,-108.57876746,546.1326,284.306°
48°00′26″N,48.00722954,106°54′05″W,-106.90142126,750.3682,328.671°
46°08′57″N,46.14927455,113°53′14″W,-113.88709722,923.7491,307.248°
32°11′05″N,32.18466561,111°44′39″W,-111.7442329,880.6137,241.666°
38°15′39″N,38.2607861,105°37′30″W,-105.62509072,388.8967,264.572°
28°17′32″N,28.29219494,98°26′44″W,-98.44557067,740.9068,179.817°
40°45′43″N,40.76190169,102°11′33″W,-102.19248789,230.8471,302.772°
28°32′08″N,28.53555088,104°48′48″W,-104.81330372,809.6965,208.488°
40°51′47″N,40.86308676,114°08′13″W,-114.13687682,838.1453,283.758°
28°10′09″N,28.16923179,109°04′04″W,-109.06772547,964.3613,222.183°
47°59′42″N,47.99509203,83°12′31″W,-83.2087043,982.768,45.871°
40°19′15″N,40.32081194,88°43′04″W,-88.71768128,527.1473,77.026°
45°19′37″N,45.32692211,99°31′12″W,-99.52002393,439.671,353.413°
47°13′41″N,47.22792102,91°49′59″W,-91.83330661,659.005,28.347°
44°19′22″N,44.32272573,105°51′08″W,-105.85216193,528.2143,316.381°
25°23′41″N,25.39479204,94°15′22″W,-94.25610123,972.7735,164.104°
40°48′44″N,40.81229666,104°43′54″W,-104.73179606,353.7092,292.578°
41°32′20″N,41.53887147,117°02′15″W,-117.03750984,991.7992,286.063°
34°18′13″N,34.3037076,82°49′48″W,-82.82996668,925.4468,105.733°
29°49′20″N,29.82210613,107°50′34″W,-107.842727,828.5387,222.784°
49°28′11″N,49.4698401,106°38′13″W,-106.63700289,826.7667,333.6°
34°48′04″N,34.80116424,101°28′26″W,-101.4738336,334.6066,210.494°
45°14′26″N,45.24058738,108°53′35″W,-108.89298183,684.6173,312.308°
36°46′48″N,36.7800632,96°37′08″W,-96.61880849,184.777,146.015°
34°47′19″N,34.78860951,106°15′15″W,-106.25423353,518.9485,238.18°
38°10′03″N,38.16740742,107°53′39″W,-107.89428862,511.4675,266.404°
46°02′56″N,46.04887889,102°59′41″W,-102.99463321,537.6632,336.22°
27°18′15″N,27.3043036,91°58′54″W,-91.98156294,891.7245,153.212°
36°09′48″N,36.16341962,84°48′04″W,-84.80121139,773.9844,100.464°
27°23′48″N,27.39659019,105°52′28″W,-105.87444488,908.6481,210.139°
26°52′14″N,26.87044523,93°22′08″W,-93.3689764,889.6496,159.083°
48°30′56″N,48.51564779,95°01′59″W,-95.03338791,678.8791,13.517°
29°05′36″N,29.09345019,104°19′13″W,-104.32027141,762.1922,207.678°
36°04′45″N,36.07922548,105°39′37″W,-105.66026112,442.2197,244.954°
44°14′17″N,44.23793915,103°18′56″W,-103.31557168,438.8743,326.935°
50°22′52″N,50.38123381,98°05′02″W,-98.08390205,786.0459,1.295°
43°20′17″N,43.33799279,98°38′11″W,-98.63633551,299.1067,358.534°
38°16′47″N,38.27977804,92°11′22″W,-92.18948373,343.4724,96.495°
36°25′32″N,36.42544659,91°39′10″W,-91.65271591,413.9186,113.457°
47°35′46″N,47.59618681,107°46′15″W,-107.77083935,753.9699,324.898°
27°03′53″N,27.06484517,99°45′41″W,-99.76151793,829.0154,185.481°
46°37′53″N,46.63138189,106°57′53″W,-106.96471621,678.9941,323.593°
40°53′15″N,40.88749611,84°11′50″W,-84.19728632,767.1098,75.731°
29°48′53″N,29.81475521,102°58′22″W,-102.97272758,685.0016,203.235°
38°14′46″N,38.24624125,95°37′16″W,-95.62124988,163.3819,108°
45°44′32″N,45.74223663,114°50′05″W,-114.83467422,953.0711,304.488°
26°17′09″N,26.28573976,95°52′53″W,-95.88135908,892.4105,169.501°
32°12′40″N,32.21098174,98°28′32″W,-98.47562565,470.0528,179.938°
44°08′23″N,44.13961156,108°24′36″W,-108.40987008,622.9717,307.854°
27°30′46″N,27.51272247,94°26′09″W,-94.43570362,828.2435,162.447°
49°51′31″N,49.85860007,95°48′05″W,-95.8013554,761.1483,9.089°
26°00′23″N,26.00651807,92°43′54″W,-92.7317007,958.8042,157.931°
27°27′51″N,27.46405873,94°23′36″W,-94.39345737,832.173,162.336°
36°28′38″N,36.47720441,87°59′21″W,-87.98904655,599.3411,103.719°
43°11′19″N,43.18849111,102°41′07″W,-102.68530716,362.1138,324.202°
48°43′15″N,48.72078616,97°10′38″W,-97.17714751,674.1644,5.096°
35°47′02″N,35.78381248,109°07′49″W,-109.1303283,625.2007,252.407°
49°00′48″N,49.01327664,106°07′48″W,-106.12991398,787.8888,333.8°
41°05′45″N,41.09582541,112°29′42″W,-112.4951139,754.2188,285.464°
47°57′00″N,47.94991779,87°34′58″W,-87.58270577,823.3222,37.856°
43°59′05″N,43.98478819,101°40′07″W,-101.66857558,381.1116,335.421°
48°15′40″N,48.2610022,87°15′44″W,-87.26216249,848.9576,37.518°
48°00′42″N,48.0117113,104°35′36″W,-104.59330583,692.773,335.855°
51°45′44″N,51.76218221,98°14′57″W,-98.24910866,881.3212,0.659°
42°19′11″N,42.31976743,80°08′41″W,-80.14484323,986.149,70.729°
44°09′34″N,44.15953741,100°42′30″W,-100.70833214,373.8601,342.822°
34°23′15″N,34.38741887,113°33′59″W,-113.56662899,893.4582,253.715°
43°14′38″N,43.24395853,104°46′31″W,-104.77538962,438.8883,313.804°
42°19′56″N,42.33214532,100°29′11″W,-100.48640789,252.3238,336.07°
35°01′22″N,35.02279437,90°42′39″W,-90.71071892,509.6516,120.34°
51°04′42″N,51.0783842,99°23′15″W,-99.38749487,835.1355,357.288°
33°34′00″N,33.5666073,82°53′17″W,-82.88812716,945.2194,108.644°
34°44′23″N,34.73969732,91°51′42″W,-91.86159218,470.1478,126.856°
28°22′30″N,28.37508373,90°45′21″W,-90.75590963,858.2394,146.616°
29°38′55″N,29.64869795,111°45′45″W,-111.76248422,994.6214,233.433°
29°41′47″N,29.69650372,90°23′37″W,-90.39366683,791.4602,141.991°
45°26′56″N,45.44887553,114°28′05″W,-114.4679419,928.7834,303.771°
44°37′50″N,44.63052451,93°25′02″W,-93.4173305,467.6666,32.239°
48°54′28″N,48.90787413,107°29′35″W,-107.49306736,816.4588,329.818°
39°19′03″N,39.31755385,96°46′25″W,-96.77371982,94.0649,76.483°
45°35′00″N,45.58334027,115°14′51″W,-115.24750502,967.2183,303.413°
34°41′59″N,34.6996721,101°23′13″W,-101.38697465,338.4751,209.189°
35°32′08″N,35.53543706,113°38′32″W,-113.64230505,866.4191,258.623°
40°24′36″N,40.41000953,110°02′39″W,-110.04413905,621.7146,282.605°
39°59′16″N,39.98786055,97°49′06″W,-97.81831259,76.2321,27.556°
51°43′28″N,51.72439849,97°25′51″W,-97.43078469,880.0999,2.962°
46°21′33″N,46.3591368,88°13′22″W,-88.22283144,726.6452,42.359°
36°49′17″N,36.82132681,84°26′10″W,-84.43621963,779.9606,96.795°
28°04′03″N,28.06736204,99°13′13″W,-99.22038048,757.6224,183.418°
26°34′10″N,26.56936415,93°19′51″W,-93.33082005,910.1701,159.351°
28°47′15″N,28.78740139,95°30′46″W,-95.5126927,726.8206,165.585°
50°17′30″N,50.29156388,102°05′15″W,-102.08753429,799.2301,348.445°
25°29′51″N,25.49759137,94°21′02″W,-94.35069435,964.4845,164.348°
49°37′59″N,49.63301645,99°07′30″W,-99.12497346,734.7649,357.75°
50°23′47″N,50.39632791,97°57′45″W,-97.96237105,787.2583,1.685°
35°42′00″N,35.69987144,103°16′18″W,-103.27167984,348.5858,230.44°
27°46′42″N,27.77827357,87°48′09″W,-87.80239732,989.7614,138.469°
39°43′13″N,39.72040544,97°58′58″W,-97.98281148,55.8196,28.527°
31°14′21″N,31.23915859,108°39′13″W,-108.6535222,785.8288,229.973°
32°05′46″N,32.09608228,89°17′38″W,-89.29380044,703.2269,130.008°
34°32′08″N,34.53552409,85°57′08″W,-85.95209734,758.7806,110.179°
44°22′49″N,44.38014909,88°50′54″W,-88.84837256,619.7488,50.135°
34°46′56″N,34.78212226,83°12′58″W,-83.21601248,891.7833,104.394°
39°06′42″N,39.11171899,95°33′48″W,-95.56337062,156.8975,86.56°
28°08′09″N,28.13574147,106°46′44″W,-106.77887298,889.6703,214.823°
33°31′26″N,33.52397734,106°19′20″W,-106.32218727,578.062,231.407°
28°43′43″N,28.72864584,105°30′56″W,-105.51565088,816.6252,211.618°
27°19′14″N,27.32052197,104°13′59″W,-104.2331393,873.3192,204.006°
34°30′46″N,34.51265292,90°31′28″W,-90.52436868,539.0528,122.769°
30°36′23″N,30.60634282,108°04′40″W,-108.07764245,795.2129,225.982°
40°40′42″N,40.67828023,82°33′52″W,-82.56452228,851.4075,77.166°
48°29′03″N,48.48410189,107°33′41″W,-107.56127878,795.0082,328.373°
47°12′46″N,47.21273752,100°37′06″W,-100.61835105,576.8834,349.965°
37°33′10″N,37.55268497,112°31′18″W,-112.52166159,767.447,266.856°
36°10′28″N,36.17452694,107°24′16″W,-107.40441218,526.1057,250.895°
28°38′59″N,28.65000711,94°50′13″W,-94.83688942,745.9689,162.655°
51°47′49″N,51.79707545,92°23′34″W,-92.39268754,930.9709,16.365°
31°08′29″N,31.1414919,100°36′27″W,-100.6073938,557.0191,193.072°
29°06′03″N,29.10074821,109°51′33″W,-109.85925699,943.6955,226.891°
40°23′15″N,40.38761195,112°42′41″W,-112.71138458,761.6776,281.685°
47°09′17″N,47.15466963,95°22′05″W,-95.36815861,584.2328,14.565°
33°17′55″N,33.29854863,107°23′44″W,-107.39563423,634.4606,234.252°
47°22′06″N,47.36828274,97°27′45″W,-97.46238083,579.8359,4.749°
38°22′13″N,38.37016476,92°38′51″W,-92.64754238,317.9238,96.186°
40°24′44″N,40.41220624,112°19′53″W,-112.33139382,741.7835,281.89°
28°59′50″N,28.99729179,94°14′48″W,-94.24678797,733.2689,159.45°
37°01′06″N,37.01828452,88°16′32″W,-88.27566405,572.362,100.736°
29°30′11″N,29.50299288,95°03′55″W,-95.06522943,685.4701,162.461°
34°28′15″N,34.47096417,90°42′42″W,-90.71160017,532.4152,123.716°
47°33′28″N,47.55784912,110°00′50″W,-110.01391483,826.1781,319.364°
41°08′45″N,41.14571003,86°28′53″W,-86.48132649,651.0977,73.094°
49°02′17″N,49.03793006,103°00′29″W,-103.00801369,728.1698,343.573°
45°59′58″N,45.99948697,92°05′42″W,-92.09490796,581.9952,31.864°
38°41′46″N,38.69612691,90°55′00″W,-90.91679716,407.7759,90.687°
41°18′53″N,41.31463711,116°42′29″W,-116.7080425,973.7591,285.217°
38°32′21″N,38.539224,114°32′41″W,-114.54481156,864.8886,272.901°
49°50′19″N,49.83865642,98°53′04″W,-98.88441728,748.5598,358.626°
34°29′49″N,34.49700382,87°57′56″W,-87.96548327,660.1963,114.95°
29°02′40″N,29.04455878,108°35′06″W,-108.58503348,898.3695,222.976°
48°10′02″N,48.16730634,113°15′14″W,-113.25382511,970.2141,315.494°
38°55′14″N,38.92046174,113°54′36″W,-113.90988418,827.9865,274.434°
41°52′28″N,41.87440543,102°38′07″W,-102.63533828,294.5831,313.511°
37°12′19″N,37.20521388,114°09′58″W,-114.16611351,860.8201,266.58°
41°43′30″N,41.7248752,107°18′22″W,-107.30602007,500.6572,294.801°
47°58′16″N,47.97109076,89°16′32″W,-89.27543961,771.247,33.616°
31°14′41″N,31.2446162,99°37′30″W,-99.62501622,540.6882,187.184°
40°34′22″N,40.57270256,108°04′25″W,-108.07350724,520.2679,285.006°
30°19′37″N,30.32689853,90°08′53″W,-90.14804042,764.0023,139.255°
44°43′06″N,44.71842603,103°37′41″W,-103.6279839,474.8043,327.818°
31°01′29″N,31.02470112,94°53′48″W,-94.89676497,588.0627,158.751°
46°50′39″N,46.84426185,105°45′39″W,-105.76076831,654.0725,328.204°
28°23′08″N,28.38556206,108°12′56″W,-108.21546873,922.0631,220.125°
37°06′14″N,37.10377812,80°53′10″W,-80.88609585,965.2003,92.328°
37°38′24″N,37.64002242,104°59′38″W,-104.99386581,365.3796,256.999°
48°21′40″N,48.36124321,110°56′01″W,-110.93352365,894.8552,320.261°
36°40′01″N,36.66703606,86°14′56″W,-86.24875785,686.6423,99.827°
29°59′56″N,29.99894798,85°59′22″W,-85.98939244,944.1104,127.495°
33°46′29″N,33.77464388,95°30′07″W,-95.50195221,398.1282,154.476°
32°53′47″N,32.89627952,101°48′59″W,-101.81639289,461.8786,204.796°
49°21′25″N,49.35700526,95°34′58″W,-95.58289953,729.1797,10.373°
46°57′23″N,46.95639209,88°40′05″W,-88.66798376,739.008,38.844°
43°05′40″N,43.094334,111°31′44″W,-111.52895154,735.0985,296.744°
34°19′38″N,34.32723413,85°57′20″W,-85.95569301,765.3987,111.147°
25°02′27″N,25.04076292,95°40′53″W,-95.68132059,979.3482,169.573°
43°21′19″N,43.35535049,87°38′16″W,-87.63790546,638.3728,58.48°
32°06′33″N,32.10920487,95°30′11″W,-95.50319333,505.5864,159.759°
31°50′59″N,31.84982137,103°05′03″W,-103.08426602,558.4964,208.989°
30°25′23″N,30.42307007,106°03′40″W,-106.06097914,732.6242,218.177°
48°49′55″N,48.83184626,102°53′48″W,-102.89657305,713.0541,343.574°
27°18′59″N,27.31666021,104°20′32″W,-104.34218736,875.9699,204.413°
28°02′26″N,28.04066714,102°06′02″W,-102.10056473,786.1955,196.395°
34°09′47″N,34.16300393,105°01′17″W,-105.0213553,493.6311,229.26°
46°28′33″N,46.47581856,113°11′14″W,-113.18718348,904.9144,309.503°
40°56′02″N,40.93386025,89°19′41″W,-89.32807931,502.5641,71.769°
28°02′54″N,28.04833849,96°30′57″W,-96.51593766,766.137,170.929°
29°15′56″N,29.26542018,90°19′55″W,-90.33205429,818.4799,142.929°
29°01′57″N,29.03242474,91°50′48″W,-91.8466511,787.022,149.21°
37°32′35″N,37.54294269,93°06′37″W,-93.110405,308.6819,107.52°
42°23′29″N,42.39128499,81°34′15″W,-81.57085064,914.7602,69.8°
32°10′38″N,32.17708677,102°00′50″W,-102.0139891,512.239,203.828°
38°42′14″N,38.70390828,84°25′28″W,-84.42441426,756.2605,87.179°
35°43′57″N,35.73242871,83°52′57″W,-83.88240344,832.3887,101.249°
36°10′26″N,36.17378236,94°24′59″W,-94.41646802,296.7663,130.109°
32°17′51″N,32.29759366,87°25′28″W,-87.42451618,774.3423,123.429°
32°59′51″N,32.99738642,108°49′57″W,-108.83262505,711.6747,237.442°
33°30′33″N,33.50918246,104°43′01″W,-104.7170009,514.8007,224.291°
34°56′49″N,34.9469423,81°06′46″W,-81.11275592,997.6366,100.951°
30°08′17″N,30.13810943,91°17′19″W,-91.28854279,736.8639,144.159°
41°00′23″N,41.00637762,99°42′05″W,-99.70129854,152.1593,335.339°
30°14′41″N,30.24483085,100°18′43″W,-100.31196507,614.7542,190.265°
47°29′06″N,47.48507876,92°29′19″W,-92.48851134,658.3533,25.249°
29°26′27″N,29.44096242,103°12′36″W,-103.21000384,714.2151,203.577°
33°23′56″N,33.39881706,109°01′28″W,-109.02439327,703.5512,239.783°
33°59′15″N,33.98738119,108°21′55″W,-108.36514874,649.0014,240.702°
31°28′10″N,31.46937657,104°20′33″W,-104.34255849,617.0078,214.126°
34°28′50″N,34.48052496,102°43′02″W,-102.71711917,391.0989,218.102°
35°15′51″N,35.2640311,110°04′37″W,-110.0770124,688.6113,251.506°
47°36′14″N,47.60386315,89°14′22″W,-89.23930571,753.0837,34.964°
31°35′54″N,31.59822974,107°19′10″W,-107.31955292,714.0581,226.842°
37°23′15″N,37.38749213,100°04′42″W,-100.07835822,141.7763,218.135°
32°19′57″N,32.33248396,112°05′55″W,-112.09874779,891.5377,242.994°
33°24′55″N,33.4153651,106°21′58″W,-106.36610543,585.0618,231.04°
28°09′15″N,28.15422733,94°23′55″W,-94.39854772,786.1998,161.428°
32°03′51″N,32.0640985,103°15′35″W,-103.25964087,549.9926,210.638°
32°39′01″N,32.65034279,102°47′53″W,-102.79803318,501.5886,210.089°
44°04′45″N,44.07923594,88°11′32″W,-88.19217769,636.5134,53.319°
30°40′51″N,30.68095673,96°22′05″W,-96.36800605,588.1275,167.606°
36°22′26″N,36.37401255,115°35′59″W,-115.59988384,952.1577,264.318°
42°03′51″N,42.06414578,90°16′05″W,-90.26806062,480.0813,61.317°
45°49′12″N,45.81988393,93°04′55″W,-93.08200896,545.0277,28.57°
33°53′50″N,33.89729326,100°51′28″W,-100.85769064,377.2813,201.183°
40°18′33″N,40.30916533,93°54′57″W,-93.91579356,259.0488,68.305°
47°15′16″N,47.25435993,114°13′22″W,-114.22283448,974.1159,310.882°
27°50′51″N,27.84753826,91°10′47″W,-91.17969446,878.3944,149.27°
38°32′51″N,38.54757172,102°49′58″W,-102.83265079,236.4563,263.566°
39°19′11″N,39.31968718,102°39′56″W,-102.66542301,225.0444,276.742°
36°43′31″N,36.72529827,93°14′35″W,-93.24294769,326.6586,117.299°
46°17′21″N,46.28904959,106°26′47″W,-106.44648827,644.906,323.816°
43°57′15″N,43.95424031,87°06′01″W,-87.10037101,680.3685,56.215°
35°57′43″N,35.961842,86°13′15″W,-86.22080688,704.1637,103.597°
30°35′43″N,30.59535734,94°17′55″W,-94.2985268,628.1465,156.562°
37°24′24″N,37.40672819,91°19′53″W,-91.33142382,403.8623,103.705°
36°47′31″N,36.79198106,82°36′51″W,-82.61421761,877.8139,95.094°
51°37′54″N,51.63159182,91°20′36″W,-91.34336509,937.6217,19.205°
50°51′49″N,50.86370524,99°20′30″W,-99.34176237,820.2078,357.367°
40°24′13″N,40.40372188,91°09′04″W,-91.15103286,401.4772,73.815°
44°04′46″N,44.07946607,80°35′31″W,-80.59207267,987.0842,63.466°
46°17′06″N,46.28487527,83°45′41″W,-83.76128607,899.3321,51.266°
27°03′29″N,27.05807302,94°09′01″W,-94.15031755,863.2148,161.869°
28°31′43″N,28.52866721,94°13′29″W,-94.22463472,764.5129,160.115°
52°42′01″N,52.70013957,102°02′58″W,-102.04950196,961.2079,350.98°
39°07′27″N,39.12410112,82°44′25″W,-82.74015125,843.8279,84.497°
42°49′52″N,42.83109952,96°13′13″W,-96.22020431,289.2088,23.394°
48°57′40″N,48.96111622,101°58′36″W,-101.97654801,709.0352,347.022°
38°40′39″N,38.6775006,97°53′53″W,-97.89807529,39.1132,126.038°
36°22′28″N,36.37438601,101°18′30″W,-101.30832037,238.9001,221.145°
41°06′49″N,41.11354515,101°08′41″W,-101.14462684,202.2259,316.757°
27°47′36″N,27.79325138,109°23′44″W,-109.39569206,997.1543,222.229°
42°45′34″N,42.75942165,94°07′49″W,-94.13031526,344.6392,39.887°
35°35′14″N,35.5872086,110°01′27″W,-110.02412147,676.5683,253.113°
43°46′23″N,43.77303536,93°28′06″W,-93.46835242,419.2603,36.686°
37°29′27″N,37.49094837,95°07′29″W,-95.124668,210.4568,118.915°
38°27′43″N,38.46195048,88°40′12″W,-88.66990775,530.2189,91.024°
47°51′47″N,47.86315232,99°06′12″W,-99.10345695,612.5462,357.303°
43°06′35″N,43.10975254,106°07′20″W,-106.12220479,488.1972,307.9°
27°31′52″N,27.53119577,89°35′35″W,-89.59317398,944.155,144.526°
34°46′33″N,34.77583059,114°31′18″W,-114.5215449,932.0554,256.676°
29°40′48″N,29.68003129,91°58′52″W,-91.98101373,743.6023,148.189°
34°32′59″N,34.54966853,89°36′19″W,-89.6053046,579.8302,119.385°
33°28′46″N,33.47936442,82°29′07″W,-82.48524446,968.5595,108.31°
38°44′07″N,38.73527772,91°37′21″W,-91.6224086,369.6358,90.806°
42°34′50″N,42.58043171,93°41′23″W,-93.68982317,351.685,43.94°
46°49′28″N,46.8243227,94°39′07″W,-94.65194786,573.5592,18.473°
30°45′37″N,30.76029694,105°03′20″W,-105.05567656,680.7567,215.092°
43°41′16″N,43.68791552,82°37′24″W,-82.62344603,882.3398,63.426°
45°48′27″N,45.80748827,114°10′01″W,-114.1669823,925.549,305.552°
42°08′30″N,42.1416969,98°13′28″W,-98.2245106,216.7479,3.523°
49°43′08″N,49.71877201,89°41′29″W,-89.69134731,856.7795,27.412°
49°10′14″N,49.17041755,95°38′02″W,-95.63378779,716.0915,10.416°
48°52′36″N,48.87661074,99°20′41″W,-99.34484697,683.1405,356.701°
36°50′39″N,36.8442592,105°38′49″W,-105.64706451,418.1015,251.24°
37°11′16″N,37.18781786,89°46′40″W,-89.77771771,489.8196,102.19°
43°12′27″N,43.20750728,84°42′31″W,-84.70866192,772.582,63.546°
28°33′25″N,28.55697199,100°52′31″W,-100.87526504,735.457,191.446°
42°53′35″N,42.89306608,115°39′12″W,-115.65320661,933.5835,292.196°
35°59′20″N,35.98879591,90°10′18″W,-90.17165687,501.1469,112.053°
37°30′54″N,37.51511374,95°18′01″W,-95.300229,201.3724,119.916°
40°44′09″N,40.73574446,105°27′44″W,-105.46227257,388.7127,290.06°
48°04′19″N,48.07186646,84°10′25″W,-84.17365828,949.1571,44.086°
47°50′39″N,47.84410476,102°17′08″W,-102.28550455,639.3578,343.931°
44°33′43″N,44.5620015,110°43′55″W,-110.73200738,737.4362,305.276°
35°22′28″N,35.37454481,107°33′19″W,-107.55514963,558.7557,246.079°
30°28′50″N,30.4806322,94°05′16″W,-94.08778546,640.1041,155.764°
48°15′36″N,48.25992752,91°57′21″W,-91.95589314,717.1349,24.852°
32°50′34″N,32.84275688,109°10′56″W,-109.18212328,734.1904,237.784°
33°26′39″N,33.44412506,99°03′20″W,-99.05559626,386.1361,184.903°
49°07′00″N,49.11657824,105°09′05″W,-105.15131747,772.1704,336.909°
36°47′28″N,36.79098526,115°07′33″W,-115.12587306,919.1273,265.602°
52°58′15″N,52.97086415,102°48′13″W,-102.80355898,986.3691,349.398°
35°09′47″N,35.16305466,102°52′02″W,-102.86727785,359.2961,223.595°
28°48′49″N,28.81349888,107°28′57″W,-107.48246508,872.5825,218.829°
26°04′07″N,26.06873287,98°23′50″W,-98.39711082,894.5946,179.651°
42°00′37″N,42.0101689,82°40′53″W,-82.68128135,854.4984,70.922°
47°04′00″N,47.06653765,83°57′43″W,-83.96200467,918.446,47.995°
33°20′56″N,33.3488846,93°11′13″W,-93.18689249,490.2324,141.349°
31°28′45″N,31.47927472,83°58′52″W,-83.98117884,968.3043,118.089°
36°39′56″N,36.66564044,107°29′15″W,-107.48750857,517.2232,254.54°
44°51′51″N,44.86428011,82°02′59″W,-82.04995014,934.4614,59.062°
30°08′59″N,30.14977177,90°44′05″W,-90.73480147,754.0576,141.971°
41°05′42″N,41.09502381,87°32′21″W,-87.5391031,596.2269,72.55°
29°23′11″N,29.38647714,89°32′45″W,-89.54578043,837.8776,139.86°
42°41′57″N,42.69927251,107°36′36″W,-107.61004361,540.4468,301.047°
43°40′54″N,43.68171077,101°44′58″W,-101.74951489,364.4473,333.37°
50°01′31″N,50.02526852,105°50′41″W,-105.84459782,842.2137,337.05°
36°30′48″N,36.51319452,95°26′26″W,-95.4406769,239.7223,135.14°
30°09′56″N,30.16566224,93°21′14″W,-93.35376062,677.2146,152.979°
45°04′33″N,45.07574502,100°56′33″W,-100.94244986,437.6297,344.06°
39°51′40″N,39.861073,89°48′32″W,-89.80897835,466.6029,80.032°
50°17′23″N,50.28979989,101°13′07″W,-101.21873938,790.8479,351.162°
44°30′14″N,44.50383033,114°46′55″W,-114.78204152,919.8952,299.61°
50°08′19″N,50.13847478,106°44′59″W,-106.74979288,868.8021,334.952°
40°42′20″N,40.70557519,95°43′25″W,-95.72372101,187.4758,50.488°
25°29′17″N,25.48805476,97°50′41″W,-97.8446976,935.4541,177.533°
40°07′03″N,40.11742086,92°50′55″W,-92.84854158,309.7891,73.939°
37°47′27″N,37.79093476,115°47′23″W,-115.78968583,939.7077,270.295°
41°38′37″N,41.64353544,94°15′35″W,-94.259702,287.3934,49.394°
30°24′26″N,30.40709144,109°45′00″W,-109.7499831,872.4104,230.446°
31°52′32″N,31.87568326,93°33′42″W,-93.5616584,565.5397,149.204°
53°00′03″N,53.00083274,98°23′37″W,-98.39352924,966.8688,0.226°
31°20′16″N,31.33783355,93°44′03″W,-93.73415457,594.1877,151.76°
30°21′05″N,30.35139167,102°21′19″W,-102.35514024,637.5498,201.31°
46°50′34″N,46.84290066,105°00′48″W,-105.01341096,633.6123,330.779°
46°56′25″N,46.94034146,95°43′32″W,-95.7254562,565.3606,13.354°
30°00′23″N,30.00648272,85°55′13″W,-85.92028375,946.6938,127.295°
49°36′01″N,49.60035014,98°24′18″W,-98.40511972,731.8417,0.279°
37°04′46″N,37.0795368,97°19′14″W,-97.3205671,147.8117,154.267°
35°21′51″N,35.36418892,115°38′41″W,-115.64471726,976.2666,260.383°
28°32′51″N,28.54747327,88°41′51″W,-88.69752918,914.824,139.297°
43°28′30″N,43.47501124,94°19′05″W,-94.31816711,376.7542,33.708°
25°24′24″N,25.40659376,101°32′26″W,-101.54068333,957.0078,191.61°
46°37′15″N,46.620824,102°08′13″W,-102.13702857,557.3864,341.826°
47°35′17″N,47.58811526,88°09′55″W,-88.16522222,786.5025,37.758°
34°53′58″N,34.89945748,90°59′24″W,-90.9899368,501.826,122.177°
39°43′01″N,39.71689364,82°06′51″W,-82.11417532,874.8822,81.621°
40°15′13″N,40.25369572,89°51′35″W,-89.85973961,466.8324,76.676°
44°20′09″N,44.33583097,100°31′07″W,-100.51857481,382.6272,344.741°
30°20′52″N,30.34771429,98°28′13″W,-98.47038832,598.8347,179.921°
26°52′50″N,26.88053292,98°35′53″W,-98.59794344,838.4976,180.483°
34°46′10″N,34.76946482,90°18′46″W,-90.3128512,538.1749,120.482°
33°48′52″N,33.81432514,88°00′57″W,-88.01576656,683.4825,118.477°
39°12′33″N,39.2092998,95°33′36″W,-95.55998079,157.4113,84.107°
43°24′57″N,43.41595661,113°14′20″W,-113.23901194,823.8861,296.408°
51°17′56″N,51.29881947,98°23′59″W,-98.39982572,849.2326,0.248°
42°10′29″N,42.17460541,109°06′12″W,-109.10339518,598.1351,294.82°
29°10′37″N,29.17687069,90°02′44″W,-90.04557278,832.9832,142.146°
31°01′16″N,31.02103538,92°05′16″W,-92.087779,659.9679,144.863°
25°44′20″N,25.73883992,91°59′14″W,-91.98730754,991.9404,155.72°
39°09′38″N,39.16058948,114°11′23″W,-114.1897422,841.5728,275.664°
29°31′41″N,29.52814058,94°55′12″W,-94.9200562,686.1967,161.716°
36°41′35″N,36.69295482,98°31′30″W,-98.52507432,160.2919,180.809°
39°33′56″N,39.56551116,87°47′37″W,-87.79361908,572.8172,82.793°
45°57′47″N,45.96310631,93°36′12″W,-93.60323615,540.7649,25.752°
30°53′39″N,30.8940859,94°41′45″W,-94.6958407,600.5517,157.957°
51°12′40″N,51.21099329,102°59′43″W,-102.99534606,870.9609,346.947°
40°56′18″N,40.93823175,106°49′03″W,-106.81739,460.7954,289.437°
31°15′06″N,31.2517917,88°48′24″W,-88.80661259,765.2034,131.55°
48°23′46″N,48.39605776,99°44′53″W,-99.74792931,651.6359,354.871°
46°21′32″N,46.35895268,111°10′24″W,-111.17345069,818.9504,312.413°
31°30′15″N,31.50414515,97°26′18″W,-97.43840083,522.2405,173.203°
44°45′27″N,44.75744985,85°12′45″W,-85.21259386,788.5394,55.497°
39°40′15″N,39.67082336,113°18′34″W,-113.30953493,792.8623,277.986°
27°56′11″N,27.93626632,101°08′28″W,-101.14115899,780.5694,192.071°
47°25′48″N,47.43008572,92°18′28″W,-92.30785355,659.2562,26.054°
32°04′01″N,32.06708067,98°53′12″W,-98.88656201,480.5297,182.818°
28°44′32″N,28.74214659,104°36′59″W,-104.61666261,791.7284,208.14°
43°17′35″N,43.29299689,86°21′03″W,-86.35090797,696.4271,60.976°
41°52′31″N,41.87538926,101°05′29″W,-101.09132364,240.7513,326.121°
36°34′45″N,36.57929388,110°12′50″W,-110.21397253,661.784,258.948°
44°15′39″N,44.2607036,82°56′18″W,-82.93832811,879.3184,60.641°
37°10′22″N,37.17280662,108°31′19″W,-108.52190349,560.2798,260.029°
41°03′10″N,41.0528242,112°18′33″W,-112.30924165,744.2629,285.32°
47°14′06″N,47.23493899,96°02′11″W,-96.03640759,581.521,11.431°
25°19′10″N,25.31940956,96°32′20″W,-96.53884152,953.1195,172.603°
36°19′30″N,36.3250658,86°49′34″W,-86.82616257,663.7402,102.608°
30°14′58″N,30.24948212,85°43′30″W,-85.72489236,943.4632,126.058°
25°32′58″N,25.54932345,103°04′59″W,-103.08325863,968.1265,197.39°
33°19′22″N,33.32267269,107°54′53″W,-107.91480003,656.2724,236.094°
33°35′39″N,33.59415765,90°58′16″W,-90.97100024,561.1768,129.541°
45°18′22″N,45.30616286,106°56′14″W,-106.9371798,613.196,317.906°
43°21′42″N,43.36164913,80°23′57″W,-80.39916005,985.2263,66.432°
42°36′20″N,42.60562065,108°53′01″W,-108.88369044,597.4978,297.882°
33°25′45″N,33.42930013,107°19′23″W,-107.32306062,625.3833,234.627°
48°28′45″N,48.47928463,113°04′42″W,-113.07839405,976.3482,316.813°
41°19′37″N,41.32695152,108°11′46″W,-108.19613238,536.9557,290.422°
35°35′07″N,35.58523952,84°29′02″W,-84.48387923,804.39,102.762°
48°38′21″N,48.63920752,97°14′37″W,-97.24347893,668.2457,4.887°
51°34′01″N,51.56704648,97°38′26″W,-97.64049408,868.7151,2.411°
45°35′38″N,45.59380078,89°34′55″W,-89.58199133,642.689,42.079°
38°17′39″N,38.29406208,92°39′45″W,-92.66241901,318.0717,97.145°
32°00′37″N,32.01034533,104°03′57″W,-104.065816,576.5862,214.642°
40°00′24″N,40.00671769,103°42′42″W,-103.71159353,287.0521,285.511°
44°17′16″N,44.28780853,97°19′01″W,-97.31704926,369.5866,9.002°
32°34′39″N,32.57750711,96°16′30″W,-96.27497724,461.599,163.781°
45°13′19″N,45.22185523,88°11′18″W,-88.18826969,679.3947,47.512°
34°07′28″N,34.12452738,115°15′58″W,-115.26611458,989.099,255.233°
38°36′39″N,38.61070974,98°01′50″W,-98.03045116,36.9618,138.465°
38°47′09″N,38.7859097,100°16′03″W,-100.26758243,97.1871,261.312°
40°59′59″N,40.99973334,86°11′20″W,-86.18900931,664.6632,74.165°
31°40′04″N,31.66765956,92°24′02″W,-92.40046884,612.2698,144.144°
26°21′43″N,26.3618683,99°38′50″W,-99.64734458,876.91,184.75°
40°30′43″N,40.51197428,85°18′04″W,-85.30103111,707.3691,77.39°
39°36′54″N,39.615081,102°39′37″W,-102.66024035,227.1445,281.893°
32°51′56″N,32.86560839,109°34′48″W,-109.5799365,751.4115,238.985°
43°50′44″N,43.84556196,94°54′32″W,-94.90875912,381.9299,27.844°
43°15′51″N,43.26429364,107°27′18″W,-107.45498349,551.277,305.084°
29°14′31″N,29.24201191,99°37′22″W,-99.62273785,678.3722,185.837°
41°21′38″N,41.36063384,104°19′52″W,-104.33113435,348.692,299.602°
35°26′52″N,35.44781343,81°54′03″W,-81.90091526,943.7421,99.961°
37°14′14″N,37.23733899,96°13′11″W,-96.21982824,173.7742,134.187°
34°10′31″N,34.17518457,82°32′32″W,-82.54214568,944.1099,105.797°
43°49′27″N,43.82429582,101°52′14″W,-101.87067579,375.998,333.287°
48°32′13″N,48.53684419,85°53′55″W,-85.89850267,907.6016,39.425°
41°58′13″N,41.9703085,109°22′07″W,-109.3685058,607.0201,293.151°
28°32′59″N,28.54962982,88°40′51″W,-88.68076417,915.2898,139.239°
34°18′34″N,34.30951997,105°29′47″W,-105.49650317,506.4515,232.246°
50°48′27″N,50.80757435,104°34′31″W,-104.5751465,867.3296,342.025°
26°25′05″N,26.41818574,105°34′41″W,-105.57808706,962.4016,207.361°
31°18′56″N,31.31551778,98°27′43″W,-98.46186962,531.9449,179.857°
39°04′46″N,39.07956932,117°06′04″W,-117.10109688,997.5806,276.161°
32°19′53″N,32.33138932,91°38′55″W,-91.64854583,600.0173,138.218°
48°42′27″N,48.70742843,91°53′25″W,-91.89034756,745.6602,23.88°
42°09′44″N,42.16222812,91°14′51″W,-91.24762937,437.5923,57.856°
38°41′26″N,38.69042454,91°48′52″W,-91.81437241,359.6188,91.444°
41°16′45″N,41.27930224,102°47′11″W,-102.78632764,276.0241,305.959°
27°45′41″N,27.76133656,99°10′20″W,-99.17224277,778.5998,183.118°
33°16′57″N,33.28247668,98°37′21″W,-98.62258304,396.0702,181.158°
29°04′48″N,29.07995558,93°29′16″W,-93.48764052,743.3715,155.928°
42°59′18″N,42.98839782,113°53′13″W,-113.88702872,847.6657,293.848°
45°29′48″N,45.4966299,100°53′53″W,-100.89803181,464.8359,345.399°
27°21′06″N,27.35155592,106°03′35″W,-106.05980376,916.4787,210.698°
37°04′45″N,37.07904424,115°41′17″W,-115.68817528,944.443,267.268°
32°24′24″N,32.4065468,106°59′25″W,-106.99016088,659.9355,228.836°
32°08′31″N,32.14201245,84°15′59″W,-84.26665611,927.994,116.412°
52°25′11″N,52.41985665,103°31′23″W,-103.52310993,957.479,347.073°
36°10′15″N,36.17079435,96°27′30″W,-96.45830875,225.5276,149.909°
39°55′14″N,39.92058236,83°04′59″W,-83.08322399,823.1301,80.743°
26°31′54″N,26.53153766,103°10′01″W,-103.16695595,904.1317,198.827°
31°36′51″N,31.61406875,109°15′13″W,-109.25368612,792.91,233.137°
41°20′58″N,41.34940521,104°39′11″W,-104.65307724,363.4896,298.348°
31°09′54″N,31.16490607,112°42′10″W,-112.70283639,968.0757,240.27°
46°43′09″N,46.71913935,93°42′50″W,-93.71382695,584.664,22.804°
34°51′05″N,34.85144428,100°36′45″W,-100.61242864,310.6366,202.886°
51°10′24″N,51.173278,88°54′01″W,-88.90022087,960.0189,25.775°
48°17′35″N,48.29302697,101°31′48″W,-101.53010467,659.1646,347.68°
32°58′34″N,32.97621552,83°18′41″W,-83.31148699,943.7883,111.557°
33°58′13″N,33.97040516,96°45′00″W,-96.74996255,361.506,164.019°
41°51′16″N,41.85457353,103°50′21″W,-103.83926926,343.3541,306.608°
50°15′35″N,50.25969764,89°37′47″W,-89.62979876,889.6154,26.216°
44°41′22″N,44.68943062,105°59′45″W,-105.99575452,550.4756,317.876°
51°15′59″N,51.26625938,88°13′45″W,-88.2290631,981.4039,27.009°
44°45′34″N,44.75937206,95°24′18″W,-95.40493921,427.5889,20.729°
34°52′54″N,34.88161553,114°17′01″W,-114.28351812,916.7706,256.768°
36°30′21″N,36.50593578,112°18′09″W,-112.302592,773.847,261.387°
39°19′41″N,39.32818924,84°26′47″W,-84.44629252,751.7704,83.897°
45°07′47″N,45.12970502,105°54′40″W,-105.911058,568.6976,320.417°
32°08′02″N,32.13385502,86°09′25″W,-86.156898,839.1428,120.728°
24°38′40″N,24.64452142,99°49′11″W,-99.81958401,996.0724,184.882°
31°28′14″N,31.47062135,100°50′52″W,-100.84782624,537.9684,195.054°
40°34′51″N,40.58074382,99°49′43″W,-99.82870083,129.8219,327.066°
31°04′18″N,31.07156845,89°18′28″W,-89.30764829,754.7051,133.855°
31°34′56″N,31.58217495,111°49′13″W,-111.82040347,909.2858,239.695°
33°19′11″N,33.31976651,100°21′12″W,-100.35334622,406.9776,195.407°
35°49′47″N,35.82983602,82°25′10″W,-82.41930722,907.4972,99.011°
40°50′06″N,40.83490288,111°57′33″W,-111.95908888,724.5047,284.295°
40°34′28″N,40.57439637,92°40′29″W,-92.67459123,326.803,68.864°
43°10′35″N,43.17646539,97°30′02″W,-97.50058687,292.3561,9.772°
46°36′07″N,46.60187588,90°51′55″W,-90.86538346,650.8153,33.833°
48°53′33″N,48.89259459,112°21′09″W,-112.3524498,967.9589,319.369°
42°35′29″N,42.59138552,115°17′44″W,-115.29567129,911.9427,291.118°
44°06′21″N,44.10574695,94°31′28″W,-94.52433605,407.1764,28.89°
27°02′54″N,27.04834301,107°59′28″W,-107.991175,992.21,216.391°
26°52′04″N,26.86785411,93°53′34″W,-93.89269752,880.242,161.1°
38°16′34″N,38.27610219,95°46′15″W,-95.7708833,155.0435,108.296°
32°28′12″N,32.46997487,106°25′13″W,-106.4203776,634.0306,226.942°
38°47′23″N,38.78976106,85°07′12″W,-85.1198668,718.3673,87.01°
34°21′52″N,34.36435223,111°04′43″W,-111.0786837,767.477,249.158°
34°39′45″N,34.66241205,112°01′43″W,-112.02869567,806.259,252.31°
32°30′00″N,32.49996636,89°11′27″W,-89.19089663,687.9838,128.008°
27°02′27″N,27.04074952,95°10′36″W,-95.17666396,849.1279,166.024°
27°52′47″N,27.87958831,105°32′17″W,-105.53795873,869.6105,209.887°
45°32′50″N,45.54710407,91°07′59″W,-91.13312779,587.1212,37.344°
37°17′30″N,37.29169386,84°09′27″W,-84.15761864,786.844,94.197°
42°52′06″N,42.8682158,113°41′35″W,-113.69296994,836.1696,293.453°
39°18′45″N,39.31246417,110°25′09″W,-110.41912299,639.4619,275.63°
38°50′14″N,38.83731201,108°25′23″W,-108.42304864,534.2843,271.837°
47°12′32″N,47.20895289,94°59′10″W,-94.98606843,593.2401,16.125°
45°45′43″N,45.76198347,96°14′29″W,-96.241441,480.3265,13.041°
45°15′27″N,45.25737898,81°15′02″W,-81.25065103,980.4178,58.324°
35°10′33″N,35.17577549,87°47′57″W,-87.79919753,645.4324,110.936°
38°26′23″N,38.43973834,116°11′39″W,-116.1941394,954.2433,273.214°
27°44′41″N,27.74480622,98°08′16″W,-98.1377819,778.9916,178.431°
25°51′33″N,25.85911364,94°52′24″W,-94.87330372,932.919,165.947°
48°26′10″N,48.43598635,98°33′31″W,-98.55870465,651.3657,359.698°
42°40′31″N,42.67525484,114°52′51″W,-114.88076357,892.258,291.73°
52°02′17″N,52.03810778,99°30′15″W,-99.50405314,901.6487,357.22°
35°29′29″N,35.49149528,98°30′01″W,-98.50037874,243.3181,180.214°
47°07′28″N,47.12433609,101°58′54″W,-101.98166531,587.6861,343.697°
30°20′48″N,30.34655563,100°18′32″W,-100.30894461,607.7861,190.355°
38°41′11″N,38.68642541,104°27′10″W,-104.45274142,321.9978,267.871°
41°57′01″N,41.95029894,83°06′21″W,-83.10576911,832.3111,70.971°
33°05′13″N,33.08704132,101°16′26″W,-101.27397024,438.1064,201.675°
30°45′59″N,30.76656962,100°05′12″W,-100.08662598,577.0492,189.525°
44°10′02″N,44.16721977,99°39′46″W,-99.66269584,361.4732,350.686°
36°32′59″N,36.54964351,89°15′24″W,-89.25654035,531.7334,105.785°
36°44′55″N,36.74856538,105°14′20″W,-105.23896062,400.1836,249.098°
46°05′56″N,46.09895724,84°04′23″W,-84.07303223,880.0787,51.533°
33°50′59″N,33.84964228,109°17′13″W,-109.28699149,697.9669,242.593°
45°51′52″N,45.86455949,89°56′10″W,-89.93613061,643.0262,39.811°
33°33′45″N,33.5625575,101°40′05″W,-101.66804541,416.2358,206.175°
30°15′16″N,30.25441006,99°46′37″W,-99.77690141,609.7096,187.3°
45°28′55″N,45.48183243,105°26′42″W,-105.44490487,571.1888,323.762°
46°07′38″N,46.12730892,100°29′07″W,-100.48540327,502.1792,348.968°
42°16′36″N,42.27658568,103°39′03″W,-103.65096142,352.488,311.447°
50°36′20″N,50.60563092,88°50′13″W,-88.83690011,928.7588,27.237°
33°23′39″N,33.39421559,87°32′25″W,-87.54024091,722.5835,119.13°
26°50′53″N,26.84800628,96°59′56″W,-96.99879131,845.0874,173.73°
27°32′23″N,27.53985661,93°57′07″W,-93.95196717,834.7118,160.434°
44°55′08″N,44.9189864,85°19′01″W,-85.31701696,788.8522,54.599°
47°28′24″N,47.47323871,99°37′56″W,-99.63228329,587.6445,354.744°
29°37′38″N,29.62729924,85°18′21″W,-85.30569876,991.3616,126.873°
37°53′25″N,37.89030843,104°56′53″W,-104.94797197,358.2644,259.531°
33°49′09″N,33.81904633,95°33′40″W,-95.56112354,393.9542,154.749°
42°19′15″N,42.32096602,88°40′19″W,-88.67206214,562.5069,62.882°
52°36′25″N,52.60698479,102°40′25″W,-102.67367219,960.649,349.357°
33°18′22″N,33.30597307,112°06′35″W,-112.10973112,855.2523,246.743°
42°00′05″N,42.00131057,107°59′21″W,-107.98920352,540.1516,295.516°
41°13′27″N,41.2240464,87°40′30″W,-87.67492557,590.9766,71.572°
49°09′48″N,49.16345553,100°27′18″W,-100.45490436,708.3548,352.739°
33°34′00″N,33.56676548,83°07′20″W,-83.12210596,933.3218,109.034°
30°00′42″N,30.01167006,97°49′06″W,-97.81825585,623.2097,176.318°
30°46′45″N,30.77925991,104°38′37″W,-104.64364508,667.1828,213.349°
31°54′11″N,31.90304256,112°44′02″W,-112.73387175,939.0294,242.817°
42°39′59″N,42.66629166,106°18′19″W,-106.30538746,480.3668,304.216°
38°33′12″N,38.55341001,112°12′14″W,-112.2038067,739.159,271.866°
30°45′28″N,30.75771583,104°29′04″W,-104.48447469,663.8282,212.574°
27°29′31″N,27.49182729,106°12′59″W,-106.21635745,912.1754,211.516°
47°37′12″N,47.61995602,91°35′15″W,-91.58750998,688.0085,27.919°
32°15′13″N,32.25366321,95°50′21″W,-95.83924661,490.0974,161.57°
35°23′52″N,35.39765246,100°36′19″W,-100.60524379,275.7195,205.7°
31°31′33″N,31.52573008,89°36′53″W,-89.61469638,719.143,133.304°
41°13′47″N,41.22970996,80°44′59″W,-80.74960992,948.0426,75.044°
51°19′04″N,51.3177869,91°45′23″W,-91.75631759,910.5862,18.739°
43°10′04″N,43.16771133,94°46′04″W,-94.76789914,346.2949,32.772°
36°33′44″N,36.56231233,93°47′28″W,-93.79104329,307.1462,121.987°
41°55′29″N,41.92476127,109°27′55″W,-109.46523244,610.9449,292.737°
41°56′52″N,41.94780988,100°49′31″W,-100.82538891,237.303,329.515°
33°54′05″N,33.90126829,99°33′21″W,-99.55582752,358.2058,189.895°
38°31′47″N,38.52959573,102°25′20″W,-102.42226133,214.7915,262.309°
34°26′48″N,34.44674859,93°23′30″W,-93.3916265,423.092,136.65°
42°22′56″N,42.38235811,95°31′37″W,-95.52696098,279.7442,32.678°
42°56′38″N,42.94375933,84°38′00″W,-84.6332354,771.004,64.933°
50°13′30″N,50.22499687,97°19′25″W,-97.32357804,777.0788,3.811°
38°37′20″N,38.62224823,95°17′49″W,-95.29699335,173.7299,97.916°
29°48′37″N,29.81040449,89°12′22″W,-89.20616904,826.2572,137.518°
31°26′05″N,31.43470261,112°20′44″W,-112.34548477,939.971,240.379°
32°56′07″N,32.93515767,101°22′58″W,-101.38282896,450.1349,201.974°
24°54′09″N,24.90263083,94°48′51″W,-94.81427644,998.3845,166.541°
38°58′51″N,38.98097127,115°20′29″W,-115.34150205,904.2063,275.193°
37°32′56″N,37.54875485,97°59′39″W,-97.99417911,104.5634,165.117°
35°45′38″N,35.76062134,115°54′30″W,-115.90837143,981.2349,262.202°
46°03′34″N,46.05954905,98°38′58″W,-98.64947655,487.1776,359.066°
42°16′33″N,42.27596334,89°17′10″W,-89.28607248,532.1405,61.985°
49°56′37″N,49.94355042,101°59′39″W,-101.99409588,774.8936,348.309°
49°17′08″N,49.28558163,110°04′44″W,-110.07886776,911.5389,324.928°
36°24′59″N,36.41678182,89°17′48″W,-89.29664357,533.0965,106.794°
31°32′44″N,31.545525,107°10′23″W,-107.17306936,711.0856,226.124°
35°16′44″N,35.27899202,90°30′18″W,-90.50489531,509.4289,117.951°
32°32′28″N,32.54113066,109°42′46″W,-109.71283141,771.3246,238.009°
40°01′05″N,40.01799054,102°48′31″W,-102.80873799,240.8097,288.15°
32°32′44″N,32.54551099,88°46′02″W,-88.76710709,703.9704,126.429°
35°09′27″N,35.15747651,113°29′03″W,-113.48422588,867.6758,256.786°
47°58′00″N,47.96668205,87°56′19″W,-87.9387016,812.5275,36.974°
35°12′22″N,35.20602133,105°40′05″W,-105.66812776,475.1368,238.613°
31°32′11″N,31.53642433,110°26′13″W,-110.43684888,848.3246,236.132°
35°01′34″N,35.0260942,91°11′51″W,-91.19747687,487.1699,122.176°
37°59′09″N,37.9859303,83°04′11″W,-83.06967483,835.8012,90.016°
43°48′33″N,43.80910096,82°13′13″W,-82.22033661,903.9948,63.264°
34°24′19″N,34.40540151,82°42′23″W,-82.70641534,928.8858,105.151°
35°47′55″N,35.7984992,103°56′33″W,-103.94254279,372.8854,235.141°
40°47′34″N,40.79287534,96°36′40″W,-96.61113986,158.1541,38.3°
33°45′37″N,33.76014541,110°43′38″W,-110.72727137,770.9285,245.693°
28°32′15″N,28.53744734,89°30′50″W,-89.5138868,887.5801,141.954°
48°02′44″N,48.04553279,109°21′14″W,-109.35402446,826.938,322.545°
33°15′19″N,33.25534309,89°30′46″W,-89.51278588,639.0395,125.745°
31°20′01″N,31.33349324,86°46′39″W,-86.7775546,846.7244,125.238°
29°07′59″N,29.13344516,100°40′05″W,-100.66812525,694.0462,191.005°
36°56′32″N,36.94231057,114°43′32″W,-114.72543612,895.0793,265.897°
29°13′43″N,29.22868226,89°22′38″W,-89.37714207,852.6453,139.721°
47°40′01″N,47.66697003,97°04′18″W,-97.07155917,602.3747,6.29°
51°20′48″N,51.34678239,87°48′01″W,-87.80016344,996.5586,27.713°
44°16′33″N,44.27591527,111°10′34″W,-111.17615297,748.5293,303.154°
33°36′11″N,33.60312802,115°07′22″W,-115.12274476,997.3756,253.133°
28°05′57″N,28.09911697,109°45′49″W,-109.76353942,993.7647,224.013°
45°36′29″N,45.60816679,101°30′37″W,-101.51014028,481.3281,342.268°
45°38′17″N,45.6379865,100°07′51″W,-100.13086235,465.6043,350.138°
32°44′18″N,32.73830427,91°56′22″W,-91.93932139,567.4276,137.824°
52°47′04″N,52.78433307,102°37′18″W,-102.62174104,972.0598,349.655°
47°58′58″N,47.98286272,92°08′04″W,-92.13458074,696.4041,25.032°
46°37′45″N,46.62915195,87°39′50″W,-87.66395196,758.9947,42.591°
37°54′24″N,37.90666998,94°04′35″W,-94.07640675,250.4582,106.376°
36°16′39″N,36.27758,100°11′59″W,-100.19961142,211.0058,206.943°
47°22′51″N,47.38095423,107°54′01″W,-107.90021289,746.9801,323.788°
39°29′24″N,39.49007409,103°35′44″W,-103.59556065,275.5193,278.502°
41°03′35″N,41.05969469,94°47′42″W,-94.79510283,241.0935,52.882°
32°23′02″N,32.38395311,112°29′34″W,-112.4928488,908.461,244.021°
30°27′09″N,30.45250315,111°58′58″W,-111.9828035,966.5929,236.37°
35°21′07″N,35.35196947,93°16′41″W,-93.27818051,382.1991,129.826°
42°51′09″N,42.85253712,114°36′52″W,-114.61453989,881.4672,292.688°
30°13′35″N,30.22648118,91°59′50″W,-91.99709989,710.0414,146.813°
36°40′49″N,36.68019444,108°39′18″W,-108.65492919,577.652,256.978°
46°04′07″N,46.06851793,81°56′18″W,-81.93835066,970.782,54.5°
33°29′48″N,33.49673754,82°19′53″W,-82.33138203,975.8527,108.001°
26°25′14″N,26.42049607,96°58′37″W,-96.97697922,874.6308,173.827°
27°43′26″N,27.72385593,92°07′01″W,-92.11699046,861.8123,152.956°
50°04′45″N,50.07921977,88°09′52″W,-88.16446611,916.5331,30.077°
31°43′04″N,31.71780175,93°54′05″W,-93.90143259,566.2483,151.514°
27°23′39″N,27.39420145,105°11′49″W,-105.1968214,891.1928,207.715°
32°44′10″N,32.73623163,86°21′58″W,-86.36606449,804.3452,118.908°
43°37′20″N,43.6222905,116°26′03″W,-116.43412296,982.4011,294.689°
28°22′57″N,28.38252731,101°07′35″W,-101.1263743,750.1015,192.439°
44°56′51″N,44.94736339,105°23′14″W,-105.38730114,541.8805,321.421°
28°36′50″N,28.61385876,96°55′50″W,-96.93055583,724.153,172.479°
32°59′33″N,32.99249408,85°41′09″W,-85.68584335,826.5817,116.28°
45°41′51″N,45.69754678,88°53′00″W,-88.88325392,672.893,43.541°
32°03′29″N,32.0580794,85°03′38″W,-85.06041927,893.5197,118.425°
33°28′04″N,33.46774151,107°09′16″W,-107.15436525,616.2798,234.225°
42°31′37″N,42.52690339,104°33′27″W,-104.55746402,399.9237,309.342°
46°40′36″N,46.67677216,103°37′45″W,-103.62908019,590.1202,335.518°
50°07′00″N,50.11659384,110°17′30″W,-110.29163216,960.4144,326.883°
36°24′03″N,36.40077016,100°56′36″W,-100.94328664,225.0347,217.448°
31°33′33″N,31.5592008,108°01′51″W,-108.03093061,744.4311,229.132°
37°30′42″N,37.51174431,84°08′47″W,-84.14640674,784.1424,93.097°
29°58′12″N,29.97004244,103°53′08″W,-103.885532,696.2207,207.789°
33°33′23″N,33.55647469,93°58′19″W,-93.97201471,453.0283,144.947°
30°47′13″N,30.78691962,91°11′39″W,-91.19429147,702.2362,141.833°
51°55′22″N,51.92280646,99°57′00″W,-99.95005384,895.1253,355.964°
37°28′28″N,37.47431714,99°42′01″W,-99.70039357,125.104,212.227°
31°09′35″N,31.15964341,109°41′30″W,-109.69164231,833.2655,232.778°
43°50′28″N,43.84106514,98°54′03″W,-98.90072352,334.4683,356.437°
41°54′44″N,41.91226112,88°18′11″W,-88.30299427,571.2398,66.215°
44°35′26″N,44.59053511,108°28′52″W,-108.48107237,642.613,310.078°
53°02′02″N,53.03400287,99°27′22″W,-99.45616779,970.2499,357.59°
38°23′40″N,38.39452989,106°25′34″W,-106.42620875,430.3524,266.806°
32°38′37″N,32.64360954,108°45′10″W,-108.7527868,723.651,235.691°
41°55′46″N,41.92944354,98°30′01″W,-98.50014052,201.6506,359.768°
29°57′05″N,29.95136419,103°37′07″W,-103.61864949,690.8554,206.534°
40°18′57″N,40.3159274,82°33′43″W,-82.56186034,850.7767,78.865°
32°59′07″N,32.98539186,93°38′18″W,-93.63826437,496.7212,145.5°
41°59′19″N,41.98857866,91°20′39″W,-91.34422392,427.7417,58.979°
37°18′46″N,37.31284578,101°41′17″W,-101.68793251,209.9795,236.998°
32°40′32″N,32.67550529,111°40′26″W,-111.6738926,857.6814,243.35°
31°13′40″N,31.22788812,97°04′52″W,-97.08099769,543.7952,171.201°
40°33′06″N,40.55177696,108°44′59″W,-108.7495964,555.1883,284.306°
39°02′01″N,39.03357374,99°38′48″W,-99.64679501,62.4417,271.74°
51°52′46″N,51.87934369,92°37′11″W,-92.61967034,932.9392,15.678°
50°30′05″N,50.50125567,89°10′52″W,-89.1811145,914.3725,26.699°
43°04′08″N,43.06885219,91°52′35″W,-91.8764841,443.917,48.719°
33°36′58″N,33.61601479,115°05′36″W,-115.09319831,995.456,253.134°
35°56′36″N,35.94338096,108°49′07″W,-108.81874054,604.7792,252.691°
52°16′57″N,52.28261462,94°33′16″W,-94.55434912,936.3058,10.311°
29°30′18″N,29.50507433,95°23′55″W,-95.39868752,680.1775,164.092°
38°35′50″N,38.59714939,100°10′22″W,-100.17282947,95.3581,253.036°
48°50′50″N,48.84722932,89°03′32″W,-89.05884704,824.5779,31.421°
49°07′53″N,49.13141066,85°38′14″W,-85.63711099,944.0955,38.031°
27°37′40″N,27.62776606,92°39′30″W,-92.65845004,855.2299,155.186°
42°31′59″N,42.53323336,110°43′15″W,-110.72094618,684.3856,294.737°
27°34′03″N,27.56751851,88°16′17″W,-88.27138676,985.3305,140.338°
39°53′41″N,39.89474793,104°10′00″W,-104.16674239,309.2798,283.174°
35°50′43″N,35.84516382,98°31′52″W,-98.53105653,218.8874,180.687°
51°08′58″N,51.14953551,94°13′03″W,-94.21750933,863.9783,12.452°
40°42′55″N,40.71534795,102°22′02″W,-102.36724545,237.2359,300.984°
29°39′18″N,29.65500714,104°12′52″W,-104.21445459,724.2889,208.493°
33°54′22″N,33.90613227,87°30′53″W,-87.51471517,703.7865,116.705°
36°59′56″N,36.99901911,95°48′46″W,-95.81279239,201.2811,132.889°
28°44′34″N,28.74285203,88°51′40″W,-88.86102921,898.0725,139.317°
34°40′14″N,34.67057622,106°12′47″W,-106.21293331,521.973,237.304°
35°33′24″N,35.55664434,89°52′11″W,-89.86974872,530.1929,114.093°
41°12′57″N,41.21571662,101°19′52″W,-101.33105151,214.0868,316.259°
43°13′24″N,43.22327612,86°03′27″W,-86.0576278,708.563,61.771°
47°20′37″N,47.34372716,93°10′25″W,-93.173516,634.6499,23.142°
41°46′05″N,41.76816372,110°19′57″W,-110.33245925,651.531,290.773°
29°35′32″N,29.59231706,85°09′05″W,-85.15149946,999.6855,126.597°
41°20′40″N,41.34449306,108°40′55″W,-108.68207326,561.7407,289.919°
34°37′02″N,34.61726436,92°29′47″W,-92.49631781,449.2845,130.683°
36°12′34″N,36.20932165,112°38′32″W,-112.64224285,798.091,260.376°
30°35′05″N,30.58463172,94°28′07″W,-94.46863595,625.2718,157.455°
51°34′05″N,51.56818635,105°05′23″W,-105.08963293,924.4272,341.995°
30°57′47″N,30.96318324,90°44′27″W,-90.74077434,707.7054,139.461°
28°15′23″N,28.25631436,87°37′02″W,-87.6173316,969.8612,136.774°
30°43′38″N,30.72714303,104°06′58″W,-104.11616006,655.2961,210.806°
29°22′40″N,29.3777718,108°27′31″W,-108.45872639,875.4703,223.498°
30°43′40″N,30.72789115,90°52′57″W,-90.88250324,716.0699,140.779°
36°58′48″N,36.9800777,106°59′44″W,-106.99551026,484.167,255.8°
33°18′39″N,33.31076159,110°31′12″W,-110.52004892,777.6797,243.266°
32°37′40″N,32.62783474,92°52′50″W,-92.8806328,541.3226,142.881°
42°31′34″N,42.52616054,86°54′51″W,-86.91412486,651.8344,64.43°
42°57′23″N,42.95649296,107°14′45″W,-107.24595076,531.8492,303.635°
45°30′00″N,45.49995782,110°44′46″W,-110.74606827,769.6814,309.58°
37°57′15″N,37.9542978,95°06′42″W,-95.11176711,196.5437,110.776°
36°36′49″N,36.61369962,96°15′10″W,-96.25276806,205.7035,142.991°
39°13′18″N,39.221562,87°01′54″W,-87.0316219,613.9035,85.033°
43°20′55″N,43.34851492,93°45′40″W,-93.76106916,387.4215,37.809°
28°29′29″N,28.49131953,103°14′48″W,-103.24653664,776.6108,201.991°
35°10′59″N,35.18335612,95°57′30″W,-95.95820817,298.9841,151.474°
28°39′10″N,28.65288827,99°37′42″W,-99.62835897,718.9614,185.569°
29°23′02″N,29.38387525,95°05′33″W,-95.09246638,692.9683,162.776°
37°09′06″N,37.15169769,114°28′59″W,-114.48312373,878.6606,266.606°
37°18′22″N,37.30597419,92°26′57″W,-92.44908434,348.4487,107.89°
33°06′50″N,33.11384802,95°51′36″W,-95.85998906,433.1578,159.433°
40°24′29″N,40.40818783,99°38′41″W,-99.64461857,114.5393,327.778°
31°06′45″N,31.11263569,111°56′01″W,-111.93371597,934.8073,238.37°
47°16′05″N,47.26802417,101°39′10″W,-101.65278384,592.4447,345.425°
42°24′41″N,42.41141046,102°14′52″W,-102.24785527,306.6626,321.211°
30°59′33″N,30.99246383,104°07′59″W,-104.13313045,639.575,211.65°
31°01′30″N,31.02506561,104°44′32″W,-104.74226748,655.4823,214.536°
36°57′31″N,36.95860925,89°25′49″W,-89.43039853,512.9618,103.23°
49°25′04″N,49.41770459,99°10′15″W,-99.17079141,720.0028,357.529°
26°38′37″N,26.64359192,103°24′33″W,-103.40908364,901.025,199.887°
37°48′35″N,37.80973696,114°37′17″W,-114.62151159,876.7362,269.639°
44°35′03″N,44.58429362,84°40′37″W,-84.67684425,807.4846,57.077°
28°07′51″N,28.13091566,91°09′27″W,-91.15750944,861.5585,148.599°
48°07′43″N,48.12859949,88°13′17″W,-88.22152499,811.6314,35.753°
25°16′24″N,25.27336953,102°04′03″W,-102.0676185,972.1942,193.447°
32°28′44″N,32.47896679,82°38′05″W,-82.63472587,995.2138,112.107°
47°48′03″N,47.80071026,104°58′24″W,-104.97334305,688.7229,333.979°
41°44′03″N,41.73422449,79°51′37″W,-79.86030266,996.4648,73.169°
36°43′52″N,36.73104364,100°17′33″W,-100.29257097,185.9616,212.599°
31°54′20″N,31.90561075,84°20′24″W,-84.33994843,933.8992,117.396°
37°35′32″N,37.59212351,111°52′01″W,-111.86689664,731.7831,266.495°
27°52′16″N,27.8709851,102°11′15″W,-102.18746463,798.876,196.556°
33°56′41″N,33.94471151,100°40′59″W,-100.68304257,370.8947,199.897°
40°03′17″N,40.05463119,89°27′00″W,-89.45004085,486.7207,78.627°
48°36′49″N,48.61349796,105°42′24″W,-105.70654214,754.2685,333.958°
48°12′25″N,48.20684375,107°17′04″W,-107.28455593,772.078,328.245°
34°57′41″N,34.96138258,81°35′17″W,-81.58800729,972.2339,101.478°
27°07′47″N,27.12967579,105°12′21″W,-105.20586326,908.1453,207.274°
42°09′23″N,42.15641822,102°15′09″W,-102.25254841,293.8064,318.907°
30°17′14″N,30.28715455,90°19′43″W,-90.32856046,759.9573,140.039°
49°40′27″N,49.67413606,85°12′47″W,-85.21296091,983.6892,37.175°
25°14′58″N,25.24939021,95°20′34″W,-95.34283956,968.6326,168.19°
35°03′25″N,35.05700646,86°33′17″W,-86.5547564,711.9687,108.873°
26°22′35″N,26.37629757,98°24′15″W,-98.40405211,873.335,179.672°
28°50′20″N,28.83891937,98°58′03″W,-98.96756586,703.6588,182.396°
45°22′38″N,45.37732315,85°13′26″W,-85.2239321,807.4848,52.719°
34°52′11″N,34.86971928,84°36′09″W,-84.60257204,817.4832,106.189°
39°49′10″N,39.81945735,112°22′50″W,-112.38053622,743.3541,278.705°
34°43′30″N,34.72509869,104°48′44″W,-104.81214217,458.2717,231.679°
37°43′01″N,37.71705686,94°58′12″W,-94.97005418,210.4014,114.072°
35°43′28″N,35.72443486,103°59′19″W,-103.98859668,378.0882,234.772°
35°57′33″N,35.95910439,94°57′47″W,-94.96316665,285.9767,136.45°
47°34′46″N,47.57946485,111°36′07″W,-111.60201202,884.4312,316.273°
46°52′04″N,46.86767694,87°40′36″W,-87.67678099,769.2419,41.616°
38°43′45″N,38.72919343,110°14′56″W,-110.24883934,632.9296,271.938°
34°26′34″N,34.44275971,114°29′54″W,-114.49824704,940.0735,255.34°
38°02′50″N,38.04726115,94°04′13″W,-94.07014012,247.772,104.225°
39°18′08″N,39.30226606,100°43′04″W,-100.71766106,121.3645,280.222°
40°57′32″N,40.95883198,100°59′52″W,-100.99769817,189.2567,316.114°
42°41′18″N,42.68838334,88°36′44″W,-88.61233466,574.7716,60.612°
39°30′23″N,39.50638072,116°24′41″W,-116.41148244,958.4181,277.724°
36°51′20″N,36.85550714,91°51′44″W,-91.86226916,390.4179,110.374°
34°46′54″N,34.78176782,109°52′53″W,-109.88129372,693.8029,248.611°
48°06′37″N,48.11039477,103°54′29″W,-103.90803257,684.575,338.475°
31°40′11″N,31.66983237,96°38′59″W,-96.64983682,517.8509,167.94°
40°37′40″N,40.62787583,92°43′45″W,-92.72907594,325.2119,68.091°
46°32′23″N,46.53967541,103°30′38″W,-103.51065169,579.1145,335.57°
34°16′08″N,34.26882581,93°42′58″W,-93.71613415,421.0362,139.661°
28°53′54″N,28.89842769,87°06′54″W,-87.11496229,954.1513,133.675°
30°10′41″N,30.17818105,92°34′02″W,-92.56721364,696.7993,149.397°
36°29′15″N,36.48738287,103°27′25″W,-103.45701999,322.8739,238.839°
31°22′43″N,31.3785096,98°00′59″W,-98.01660407,528.248,176.997°
42°44′41″N,42.74482476,86°01′01″W,-86.01698338,699.8868,64.386°
45°05′47″N,45.09646994,94°40′25″W,-94.6735253,463.6486,23.68°
41°31′57″N,41.53237818,94°07′13″W,-94.12025026,288.5667,51.479°
45°39′09″N,45.65254166,105°03′58″W,-105.06624686,568.5579,325.945°
24°51′35″N,24.85969652,101°10′19″W,-101.17206981,990.6284,189.897°
40°55′14″N,40.92052779,96°05′33″W,-96.09244322,182.8908,43.081°
46°07′40″N,46.12764173,88°54′01″W,-88.90034269,691.7511,41.6°
44°42′17″N,44.70480834,98°55′30″W,-98.92500315,394.1228,356.846°
37°38′57″N,37.64911415,112°21′21″W,-112.35580505,757.2066,267.211°
28°37′24″N,28.62345804,106°46′45″W,-106.77923398,860.7152,215.963°
37°46′43″N,37.77867932,109°00′18″W,-109.00500992,575.9037,264.791°
36°52′35″N,36.87645613,113°40′11″W,-113.66968391,839.709,264.634°
42°25′05″N,42.4181268,111°02′09″W,-111.03594391,697.6033,293.728°
31°06′39″N,31.11090912,89°38′08″W,-89.63551813,740.0457,134.857°
42°41′43″N,42.69520106,98°27′47″W,-98.46295691,254.5774,0.244°
31°17′37″N,31.29373194,105°31′11″W,-105.51971467,664.8123,218.784°
43°36′03″N,43.60071476,115°35′45″W,-115.5957997,941.2317,295.182°
32°09′42″N,32.16157408,106°19′23″W,-106.32298758,646.2253,225.289°
33°31′03″N,33.51738178,106°27′23″W,-106.45635867,584.0241,231.896°
30°10′20″N,30.17225012,97°20′14″W,-97.33710684,614.4213,173.569°
36°54′35″N,36.90979486,92°18′52″W,-92.31447912,366.1548,111.451°
45°14′03″N,45.23429635,92°19′39″W,-92.32757201,533.0933,34.245°
43°48′32″N,43.80902305,101°25′59″W,-101.43312841,365.0326,336.214°
51°26′44″N,51.44551396,107°40′19″W,-107.67185313,967.0105,335.694°
31°28′48″N,31.4799294,113°11′58″W,-113.1995786,978.3551,242.355°
41°32′39″N,41.54404478,106°20′26″W,-106.34052014,449.488,295.411°
46°25′27″N,46.42403262,90°56′19″W,-90.93861005,639.0904,34.286°
40°27′32″N,40.45876409,109°58′46″W,-109.97951398,618.6466,282.946°
43°51′36″N,43.85995149,84°11′23″W,-84.18966918,811.5131,61.029°
39°02′52″N,39.04765748,85°18′09″W,-85.30255875,707.1165,85.639°
34°11′47″N,34.1963627,96°28′12″W,-96.46989891,351.0668,160.83°
45°02′41″N,45.04471983,94°45′39″W,-94.76091514,458.5613,23.398°
30°29′54″N,30.49846754,102°03′50″W,-102.06383183,622.382,200.103°
28°50′47″N,28.84643755,100°02′05″W,-100.03478672,708.1661,187.657°
36°46′58″N,36.78282366,108°45′29″W,-108.75800205,580.7585,257.828°
40°12′30″N,40.20829902,94°17′05″W,-94.28473748,238.3801,68.375°
27°33′33″N,27.55923615,89°05′17″W,-89.0880186,958.5634,142.856°
37°31′09″N,37.51909435,94°05′51″W,-94.0974135,259.4169,112.063°
44°32′53″N,44.54819128,97°04′59″W,-97.08339438,389.3805,10.223°
43°37′39″N,43.62742505,99°27′16″W,-99.45451467,322.9509,351.346°
40°06′15″N,40.10423022,115°08′13″W,-115.13706381,889.2762,280.154°
28°46′56″N,28.78235609,110°13′56″W,-110.23223276,975.0788,227.064°
46°12′24″N,46.2066651,82°19′59″W,-82.33300314,957.6507,53.503°
49°05′48″N,49.09660007,112°57′45″W,-112.96242449,998.2995,318.981°
29°54′03″N,29.90074552,99°07′59″W,-99.13309346,630.8061,183.548°
27°28′59″N,27.48308331,92°21′01″W,-92.35031167,871.569,154.265°
31°37′52″N,31.63104719,86°33′45″W,-86.56258713,842.6808,123.61°
48°56′14″N,48.93710272,87°55′51″W,-87.93069901,862.0532,33.853°
29°52′40″N,29.87786037,96°46′30″W,-96.77488486,638.7444,170.732°
52°34′20″N,52.57226056,101°47′14″W,-101.78727243,950.397,351.528°
32°05′02″N,32.08384362,100°55′40″W,-100.92776372,498.1065,196.735°
40°37′47″N,40.62985446,81°23′25″W,-81.3902339,912.8239,77.529°
38°13′44″N,38.22879481,81°14′17″W,-81.23815689,931.4695,87.894°
39°58′10″N,39.96943041,94°28′24″W,-94.47321817,223.9215,71.542°
48°57′55″N,48.96517773,89°29′43″W,-89.49525599,819.115,29.965°
37°39′35″N,37.65968121,104°32′06″W,-104.53502095,341.0123,255.989°
41°40′24″N,41.67328448,80°49′19″W,-80.82192919,946.6653,73.16°
34°49′13″N,34.82014037,102°36′11″W,-102.60308505,368.3341,219.41°
36°32′35″N,36.54311854,93°17′57″W,-93.29905972,330.6012,119.456°
49°12′37″N,49.21037221,109°25′44″W,-109.42882608,887.929,326.094°
37°11′54″N,37.19824656,95°26′31″W,-95.44190471,207.5612,126.201°
39°54′03″N,39.90093398,104°55′48″W,-104.92990798,349.3357,282.167°
36°43′53″N,36.73144409,81°41′37″W,-81.69349865,928.1607,94.515°
43°29′21″N,43.48905257,85°39′51″W,-85.66403971,733.4886,60.942°
38°56′48″N,38.94654551,80°54′06″W,-80.90180189,943.2235,84.715°
52°49′48″N,52.83001418,93°42′29″W,-93.70816394,981.7157,11.83°
33°06′59″N,33.11644433,110°05′12″W,-110.08654698,764.7021,241.374°
36°24′47″N,36.41292013,114°15′41″W,-114.26148154,879.9514,263.156°
47°52′24″N,47.87319866,110°25′30″W,-110.4250049,854.9311,319.619°
25°28′39″N,25.47758328,94°59′41″W,-94.99464721,957.1976,166.729°
35°18′57″N,35.31574598,105°32′27″W,-105.54078439,464.8797,238.856°
47°15′23″N,47.25645178,93°48′34″W,-93.80950306,616.3904,20.905°
27°07′40″N,27.12768579,107°32′46″W,-107.546219,973.5218,215.169°
26°07′19″N,26.12183308,97°04′05″W,-97.0679493,894.6858,174.315°
35°49′57″N,35.83252979,103°05′25″W,-103.09025696,334.8899,230.424°
31°45′47″N,31.76317964,107°46′28″W,-107.7745731,723.8209,229.038°
36°58′30″N,36.97489671,105°45′58″W,-105.76623737,420.7379,252.726°
36°28′14″N,36.47044037,109°21′36″W,-109.36011612,619.3878,256.921°
26°16′01″N,26.26681943,98°44′19″W,-98.73856,881.0125,181.034°
33°40′36″N,33.67654795,94°17′55″W,-94.29850659,436.0866,146.448°
38°21′30″N,38.35841112,112°58′16″W,-112.97107963,782.0621,271.252°
42°26′28″N,42.44121218,86°36′05″W,-86.60135449,665.284,65.338°
34°21′08″N,34.35218707,91°31′22″W,-91.52284575,502.3215,127.725°
27°00′44″N,27.01208472,95°12′50″W,-95.21398175,850.5842,166.205°
33°06′40″N,33.11100882,112°39′00″W,-112.65013714,888.9532,247.056°
35°27′34″N,35.45934527,95°43′12″W,-95.72000185,288.7978,147.376°
45°03′47″N,45.06302019,81°03′25″W,-81.05696762,984.8238,59.256°
38°27′30″N,38.45843825,101°26′56″W,-101.44891812,164.3417,257.471°
46°53′58″N,46.89934162,105°35′43″W,-105.59526525,652.5057,328.957°
34°24′33″N,34.4091692,90°27′09″W,-90.45259548,546.6644,123.103°
33°31′34″N,33.52616941,87°52′52″W,-87.88105361,701.3014,119.458°
37°04′07″N,37.06849963,81°39′02″W,-81.65068325,924.7477,93.069°
36°39′14″N,36.65385038,106°47′10″W,-106.78623744,481.3794,252.803°
46°06′46″N,46.11286383,93°20′15″W,-93.33737917,556.0512,26.382°
43°22′24″N,43.37332245,115°46′15″W,-115.77093852,946.177,294.121°
50°22′13″N,50.3704091,95°39′21″W,-95.65582729,797.1031,9.057°
30°32′15″N,30.53748951,99°04′07″W,-99.06849178,586.6519,183.411°
48°57′44″N,48.96219758,98°50′24″W,-98.83989393,687.95,358.649°
42°51′10″N,42.85280391,95°24′06″W,-95.40162148,310.3994,30.23°
32°47′51″N,32.79744645,107°07′15″W,-107.12086836,646.1611,230.991°
34°18′23″N,34.30652601,112°55′32″W,-112.92564128,862.9692,252.336°
41°11′37″N,41.19373812,83°08′19″W,-83.13860925,824.017,74.571°
46°47′59″N,46.79967787,98°43′07″W,-98.71855521,538.39,358.817°
48°16′40″N,48.27776793,99°29′05″W,-99.48471634,642.3557,355.874°
40°38′32″N,40.64214788,89°39′25″W,-89.65683381,481.6825,73.674°
34°45′11″N,34.75306315,102°00′20″W,-102.00547594,352.8287,214.55°
29°33′09″N,29.55262152,110°53′21″W,-110.88927817,962.2682,230.956°
47°48′41″N,47.81127319,96°38′50″W,-96.64735049,615.0803,7.999°
37°14′23″N,37.23966018,83°24′46″W,-83.41290085,827.5565,93.783°
35°20′52″N,35.34779769,108°58′37″W,-108.97696468,630.3546,249.573°
37°59′07″N,37.98541175,104°17′38″W,-104.29394403,322.103,259.098°
39°00′46″N,39.01273586,101°44′12″W,-101.73664662,174.6572,271.043°
27°16′31″N,27.27536037,102°33′21″W,-102.5558903,844.4459,197.35°
31°07′54″N,31.1315845,87°11′23″W,-87.18971578,838.3339,127.074°
44°54′36″N,44.91009724,84°54′36″W,-84.90997096,806.4754,55.273°
49°00′24″N,49.006589,94°18′50″W,-94.3138614,720.9358,15.277°
46°23′51″N,46.39738482,93°07′58″W,-93.13290161,577.9704,26.248°
29°31′35″N,29.5265148,95°06′21″W,-95.10578826,683.2503,162.622°
36°57′16″N,36.95432866,82°42′14″W,-82.703863,870.1977,94.459°
25°33′12″N,25.5533567,100°42′02″W,-100.70052673,939.0816,188.541°
39°45′43″N,39.76198215,84°00′26″W,-84.00715302,774.2309,81.577°
34°40′59″N,34.6829914,90°13′50″W,-90.23058617,545.4513,120.71°
28°41′38″N,28.69376238,86°43′19″W,-86.72200708,980.3033,133.131°
37°44′46″N,37.74609251,112°45′59″W,-112.76650809,777.9491,268.031°
47°11′53″N,47.19792288,99°13′44″W,-99.22882854,567.0237,356.452°
33°13′30″N,33.22487337,107°33′51″W,-107.56417032,645.1545,234.48°
46°29′52″N,46.49768171,85°15′45″W,-85.26258688,845.4074,48°
40°22′24″N,40.37332737,87°30′48″W,-87.51331195,590.6104,77.357°
35°15′11″N,35.25306709,115°35′48″W,-115.59661159,976.3813,259.9°
41°02′23″N,41.03985197,96°49′52″W,-96.83098352,165.2256,31.447°
31°05′11″N,31.08651496,89°23′01″W,-89.38361981,750.9858,134.064°
37°02′22″N,37.03956848,100°29′16″W,-100.48789465,174.5842,219.29°
34°59′37″N,34.99353621,99°54′04″W,-99.90118558,288.5235,196.158°
36°08′03″N,36.13415293,94°09′36″W,-94.16012565,309.2368,128.684°
50°48′53″N,50.81472,98°06′30″W,-98.10820583,815.9684,1.161°
40°33′06″N,40.55171576,111°40′40″W,-111.67790458,708.1202,282.83°
38°25′03″N,38.41744767,115°20′33″W,-115.34253941,908.7819,272.726°
32°31′10″N,32.51937795,94°57′01″W,-94.95024709,490.4425,155.118°
43°43′54″N,43.73169048,116°28′07″W,-116.46855904,985.7745,295.099°
40°42′50″N,40.71382199,98°34′54″W,-98.58170999,117.7435,357.514°
41°33′10″N,41.55274151,110°18′57″W,-110.31575577,647.4772,289.502°
48°09′30″N,48.15845858,98°49′32″W,-98.82565966,632.4028,358.568°
25°27′33″N,25.45925316,96°07′40″W,-96.12776785,946.6787,170.98°
41°11′52″N,41.19765933,82°06′37″W,-82.11025738,877.3171,74.871°
51°49′51″N,51.83078865,105°16′49″W,-105.28037707,944.3255,341.965°
32°48′34″N,32.80934521,111°54′24″W,-111.90676732,863.7399,244.372°
36°48′47″N,36.81316454,101°29′16″W,-101.48767877,223.3936,228.073°
45°13′30″N,45.22501092,89°01′13″W,-89.02016078,647.1376,45.386°
36°07′21″N,36.122528,101°35′58″W,-101.59953531,262.657,221.478°
36°45′12″N,36.75320346,107°15′35″W,-107.25971956,503.274,254.671°
41°45′43″N,41.76188936,115°16′51″W,-115.28084674,902.8802,287.511°
34°48′22″N,34.80613521,91°58′36″W,-91.97653202,462.2083,126.954°
52°05′56″N,52.09880018,94°00′37″W,-94.01019458,929.6106,11.889°
29°11′22″N,29.18954409,97°54′32″W,-97.90883529,679.6759,177.058°
28°51′59″N,28.86632277,106°16′20″W,-106.27222881,830.5475,214.75°
45°03′23″N,45.05638844,96°59′33″W,-96.99252934,424.7091,9.892°
44°49′07″N,44.81847234,95°20′27″W,-95.34083858,432.5752,20.904°
44°00′23″N,44.00637854,83°51′53″W,-83.86460907,830.1433,60.738°
42°42′49″N,42.71366278,81°32′14″W,-81.53721757,920.2303,68.434°
30°57′56″N,30.96553073,94°39′38″W,-94.66041672,596.6318,157.605°
33°13′03″N,33.21742925,109°33′57″W,-109.56571085,736.1762,240.455°
50°18′22″N,50.30622763,90°51′32″W,-90.85887343,864.8737,23.026°
36°21′38″N,36.36062454,114°27′09″W,-114.45259583,891.1746,263.129°
26°33′47″N,26.56318528,95°36′59″W,-95.61670167,876.2489,168.236°
33°39′45″N,33.66237689,105°56′19″W,-105.93854852,555.4626,230.566°
30°42′25″N,30.70705336,93°41′44″W,-93.69560319,634.7429,153.274°
33°02′04″N,33.03435618,91°14′20″W,-91.23882736,578.157,133.383°
32°51′30″N,32.85824368,86°41′35″W,-86.6930547,784.0269,119.226°
40°45′22″N,40.75617978,87°29′16″W,-87.48789159,595.1008,74.823°
47°20′33″N,47.34243734,86°07′51″W,-86.13096893,846.1637,43.129°
40°34′30″N,40.57501056,115°44′56″W,-115.74895873,921.6934,282.22°
48°53′51″N,48.89744463,110°12′06″W,-110.20179933,896.0841,323.481°
47°04′30″N,47.07512042,111°53′52″W,-111.89782283,875.1777,313.886°
33°12′27″N,33.20742348,100°40′17″W,-100.67142339,419.3195,197.585°
37°30′36″N,37.51000995,116°23′20″W,-116.38893964,975.6177,269.524°
31°40′56″N,31.68216048,105°16′59″W,-105.28300505,634.8155,219.134°
30°25′28″N,30.42447679,96°51′45″W,-96.86241764,600.6051,170.704°
29°54′50″N,29.91386298,96°28′21″W,-96.47243877,639.133,169.085°
42°26′45″N,42.44582497,106°03′27″W,-106.05745799,461.9721,303.327°
39°09′55″N,39.1651442,88°44′25″W,-88.74034671,522.577,85.766°
34°26′23″N,34.43982503,94°21′51″W,-94.36421031,389.7034,142.909°
44°34′58″N,44.58264035,90°33′56″W,-90.56555569,560.504,44.073°
37°33′18″N,37.55504051,90°04′24″W,-90.07340259,467.1027,99.813°
36°20′13″N,36.33686043,81°00′21″W,-81.00595973,972.258,95.491°
42°17′25″N,42.29035692,114°22′30″W,-114.37496463,862.0806,290.315°
46°41′06″N,46.68493599,111°57′59″W,-111.96643841,862.836,312.278°
34°36′24″N,34.60663385,115°03′29″W,-115.05794233,964.6821,256.75°
28°16′29″N,28.27458957,102°50′18″W,-102.83846558,782.9906,199.9°
42°09′03″N,42.15071292,112°46′40″W,-112.77788519,779.9597,290.71°
31°17′48″N,31.29657704,98°41′02″W,-98.68387465,533.3714,181.27°
42°31′19″N,42.52189538,83°43′12″W,-83.71996759,808.794,67.828°
29°26′30″N,29.44155223,89°23′40″W,-89.39437621,840.0515,139.197°
36°54′17″N,36.90471397,95°18′46″W,-95.3127688,225.9844,129.136°
30°10′24″N,30.17330592,109°08′49″W,-109.14699485,859.7242,227.955°
42°19′36″N,42.32679201,112°50′24″W,-112.83986343,785.5463,291.54°
51°41′47″N,51.69626602,94°41′21″W,-94.68929233,895.5389,10.542°
43°23′44″N,43.3956044,88°17′11″W,-88.28641678,610.1136,56.963°
25°32′00″N,25.53333236,97°27′41″W,-97.46144772,933.4811,176.045°
39°11′08″N,39.18553206,116°31′42″W,-116.52837847,966.3289,276.423°
40°37′31″N,40.62527798,106°25′22″W,-106.42281051,435.7572,287.342°
26°01′32″N,26.02564789,95°03′09″W,-95.05247829,919.3623,166.48°
31°33′35″N,31.55971409,90°20′56″W,-90.34879361,689.2742,135.87°
46°29′54″N,46.49823283,84°37′22″W,-84.62269335,871.1855,49.09°
32°16′51″N,32.28086037,97°52′48″W,-97.87994588,466.4556,175.648°
50°35′36″N,50.59338555,87°15′20″W,-87.25553747,969.2232,30.674°
39°35′55″N,39.59862146,83°13′48″W,-83.22998032,815.8364,82.323°
29°02′10″N,29.03605731,93°26′01″W,-93.43370301,747.3828,155.779°
31°30′19″N,31.50528932,90°55′01″W,-90.91691193,671.4431,138.288°
34°12′53″N,34.21478289,82°35′52″W,-82.59767744,940.0702,105.728°
31°12′44″N,31.21209826,105°17′19″W,-105.2884977,661.8094,217.528°
40°39′40″N,40.6610165,106°55′14″W,-106.92063179,461.8132,286.962°
46°35′22″N,46.58943924,84°44′57″W,-84.74906265,869.3983,48.524°
37°50′00″N,37.83343788,97°30′38″W,-97.51049679,97.0262,146.779°
43°10′15″N,43.17085122,90°44′58″W,-90.74954546,494.5874,51.995°
50°15′30″N,50.25827463,110°47′09″W,-110.78589945,982.3154,326.303°
30°03′07″N,30.05197221,101°46′27″W,-101.77426175,646.8513,197.786°
34°11′40″N,34.19451904,96°31′13″W,-96.52029541,350.3095,161.285°
42°57′09″N,42.95254093,115°10′45″W,-115.17908481,910.8603,292.744°
51°58′34″N,51.97597697,97°46′49″W,-97.78037198,896.6625,1.932°
37°37′21″N,37.62242573,81°20′58″W,-81.34943722,932.7364,90.52°
33°51′37″N,33.86035252,107°29′27″W,-107.49069838,613.965,237.334°
36°23′07″N,36.38514707,115°36′59″W,-115.61625535,952.8183,264.378°
47°35′01″N,47.58357021,89°33′53″W,-89.56485452,742.1049,34.149°
36°51′27″N,36.85760903,82°52′59″W,-82.8829968,862.2784,95.055°
27°01′43″N,27.02855301,95°41′59″W,-95.69961048,843.6875,168.19°
31°36′54″N,31.61508048,92°30′31″W,-92.50870663,611.9746,144.833°
38°42′24″N,38.70668406,112°55′23″W,-112.92306767,776.5673,272.997°
41°34′10″N,41.5695596,96°08′12″W,-96.13655672,215.7764,34.245°
